term,ngram,total_frequency,article_count
children,1,90,12
school,1,86,13
support,1,66,17
schools,1,66,8
students,1,61,9
send,1,55,8
young,1,54,11
some,1,53,21
university,1,47,9
education,1,46,14
england,1,45,12
needs,1,40,8
student,1,40,7
police,1,38,8
like,1,36,18
into,1,36,15
parents,1,35,11
plans,1,33,5
legal,1,32,11
home,1,31,10
make,1,30,16
pupils,1,30,8
brewdog,1,30,1
told,1,29,15
found,1,29,11
system,1,29,9
watt,1,29,1
against,1,28,15
three,1,28,13
added,1,27,17
during,1,27,10
your,1,27,10
loan,1,27,3
because,1,26,15
only,1,26,14
london,1,26,12
every,1,25,15
including,1,25,15
other,1,25,15
back,1,24,11
families,1,24,6
company,1,24,5
help,1,23,11
child,1,23,7
part,1,22,16
staff,1,22,9
evidence,1,22,7
loans,1,22,3
bethan,1,22,1
need,1,21,14
life,1,21,13
take,1,21,13
concerns,1,21,12
case,1,21,8
work,1,21,8
group,1,20,10
number,1,20,10
uniform,1,20,1
taken,1,19,12
safety,1,19,9
andrews,1,19,1
health,1,18,8
later,1,18,8
very,1,18,8
court,1,18,6
family,1,18,6
information,1,18,6
ireland,1,18,6
northern,1,18,6
northern ireland,2,18,6
former,1,17,14
across,1,17,13
should,1,17,13
such,1,17,9
place,1,17,8
right,1,17,8
special,1,17,7
plan,1,17,5
primary,1,17,5
amelia,1,17,1
change,1,16,12
down,1,16,12
well,1,16,10
death,1,16,8
something,1,16,8
claims,1,16,6
claim,1,16,5
graduates,1,16,4
ehcp,1,16,3
dunblane,1,16,2
beer,1,16,1
come,1,15,13
action,1,15,10
then,1,15,10
able,1,15,9
even,1,15,9
know,1,15,9
much,1,15,9
wanted,1,15,9
changes,1,15,8
didn,1,15,8
used,1,15,8
wales,1,15,8
paid,1,15,7
really,1,15,7
social,1,15,7
both,1,15,6
happened,1,15,4
universities,1,15,3
huntley,1,15,2
posts,1,15,2
however,1,14,10
september,1,14,10
described,1,14,9
months,1,14,9
person,1,14,9
seen,1,14,9
start,1,14,9
without,1,14,9
service,1,14,7
guidance,1,14,6
report,1,14,6
teacher,1,14,5
proposals,1,14,4
ehcps,1,14,3
repayments,1,14,3
adams,1,14,1
forsyth,1,14,1
script,1,14,1
follow,1,13,11
left,1,13,10
secretary,1,13,10
since,1,13,10
provide,1,13,9
access,1,13,8
scotland,1,13,8
individual,1,13,7
might,1,13,7
think,1,13,7
training,1,13,7
must,1,13,6
office,1,13,6
risk,1,13,6
covid,1,13,5
rights,1,13,5
town,1,13,5
daughter,1,13,4
interest,1,13,4
business,1,13,3
maintenance,1,13,2
mhra,1,13,1
among,1,12,12
each,1,12,11
already,1,12,10
further,1,12,10
given,1,12,10
head,1,12,10
full,1,12,9
small,1,12,9
anyone,1,12,8
care,1,12,8
department,1,12,8
going,1,12,8
despite,1,12,7
educational,1,12,7
money,1,12,7
policy,1,12,7
white,1,12,7
council,1,12,6
media,1,12,5
north,1,12,5
specialist,1,12,5
united,1,12,5
started,1,12,4
club,1,12,3
letters,1,12,3
mainstream,1,12,3
high,1,11,10
taking,1,11,10
adding,1,11,9
currently,1,11,9
ensure,1,11,9
issue,1,11,9
called,1,11,8
enough,1,11,8
face,1,11,8
having,1,11,8
making,1,11,8
aged,1,11,7
apply,1,11,7
delivered,1,11,7
figures,1,11,7
receive,1,11,7
until,1,11,7
body,1,11,6
complex,1,11,6
difficult,1,11,6
felt,1,11,6
financial,1,11,6
nothing,1,11,6
safe,1,11,6
went,1,11,6
amount,1,11,5
black,1,11,5
early,1,11,5
pandemic,1,11,5
private,1,11,5
lawyers,1,11,4
likely,1,11,4
reforms,1,11,4
secondary,1,11,4
injuries,1,11,3
suspected,1,11,3
drugs,1,11,2
football,1,11,2
chan,1,11,1
equity,1,11,1
gender,1,11,1
neet,1,11,1
robertson,1,11,1
around,1,10,9
brought,1,10,8
following,1,10,8
here,1,10,8
issued,1,10,8
long,1,10,8
look,1,10,8
world,1,10,8
away,1,10,7
force,1,10,7
funding,1,10,7
good,1,10,7
sector,1,10,7
sent,1,10,7
total,1,10,7
cases,1,10,6
cost,1,10,6
deeply,1,10,6
educational needs,2,10,6
special educational,2,10,6
special educational needs,3,10,6
state,1,10,6
course,1,10,5
often,1,10,5
online,1,10,5
want,1,10,5
believes,1,10,4
decision,1,10,4
friends,1,10,4
faith,1,10,3
repayment,1,10,3
wearing,1,10,3
councils,1,10,2
oxford,1,10,2
review,1,10,2
soham,1,10,2
wear,1,10,2
hormones,1,10,1
ipsea,1,10,1
punks,1,10,1
riki,1,10,1
days,1,9,9
impact,1,9,8
raised,1,9,8
another,1,9,7
available,1,9,7
expected,1,9,7
latest,1,9,7
move,1,9,7
previous,1,9,7
published,1,9,7
rather,1,9,7
research,1,9,7
rise,1,9,7
sign,1,9,7
year-old,1,9,7
additional,1,9,6
attacked,1,9,6
authorities,1,9,6
community,1,9,6
deliver,1,9,6
details,1,9,6
event,1,9,6
learning,1,9,6
living,1,9,6
next,1,9,6
serious,1,9,6
different,1,9,5
feel,1,9,5
labour,1,9,5
level,1,9,5
supporting,1,9,5
took,1,9,5
began,1,9,4
higher,1,9,4
paper,1,9,4
primary school,2,9,4
mainstream schools,2,9,3
reaction,1,9,3
secondary school,2,9,3
study,1,9,3
watch,1,9,3
james,1,9,2
pre-action,1,9,2
side,1,9,2
student loan,2,9,2
dickie,1,9,1
handguns,1,9,1
asked,1,8,8
getting,1,8,8
meet,1,8,8
outside,1,8,8
doing,1,8,7
give,1,8,7
whether,1,8,7
aware,1,8,6
become,1,8,6
concerned,1,8,6
decisions,1,8,6
disabilities,1,8,6
educational needs disabilities,3,8,6
find,1,8,6
five,1,8,6
justice,1,8,6
known,1,8,6
needs disabilities,2,8,6
others,1,8,6
provided,1,8,6
recent,1,8,6
showed,1,8,6
statement,1,8,6
throughout,1,8,6
always,1,8,5
anything,1,8,5
became,1,8,5
believe,1,8,5
changed,1,8,5
everyone,1,8,5
fewer,1,8,5
followed,1,8,5
important,1,8,5
increase,1,8,5
knew,1,8,5
letter,1,8,5
lost,1,8,5
needed,1,8,5
open,1,8,5
someone,1,8,5
behaviour,1,8,4
campaign,1,8,4
children send,2,8,4
children young,2,8,4
city,1,8,4
entitled,1,8,4
rate,1,8,4
road,1,8,4
story,1,8,4
targeted,1,8,4
team,1,8,4
victims,1,8,4
four,1,8,3
girls,1,8,3
martin,1,8,3
phone,1,8,3
send system,2,8,3
social media,2,8,3
transport,1,8,3
white paper,2,8,3
blazers,1,8,2
bright,1,8,2
claimants,1,8,2
drug,1,8,2
group claim,2,8,2
healthcare,1,8,2
pre-action letters,2,8,2
student group,2,8,2
student group claim,3,8,2
allergy,1,8,1
asylum,1,8,1
commonwealth,1,8,1
effects,1,8,1
equity punks,2,8,1
neets,1,8,1
visas,1,8,1
heard,1,7,7
remain,1,7,7
sounds,1,7,7
working,1,7,7
college,1,7,6
comment,1,7,6
introduced,1,7,6
means,1,7,6
meant,1,7,6
missed,1,7,6
once,1,7,6
parent,1,7,6
same,1,7,6
spokesperson,1,7,6
weeks,1,7,6
worked,1,7,6
although,1,7,5
attack,1,7,5
consistent,1,7,5
create,1,7,5
current,1,7,5
died,1,7,5
experiences,1,7,5
hospital,1,7,5
medical,1,7,5
process,1,7,5
raise,1,7,5
received,1,7,5
responsible,1,7,5
trial,1,7,5
typically,1,7,5
challenge,1,7,4
does,1,7,4
east,1,7,4
example,1,7,4
feels,1,7,4
inclusive,1,7,4
loved,1,7,4
major,1,7,4
particularly,1,7,4
phillipson,1,7,4
provision,1,7,4
real,1,7,4
reform,1,7,4
suggested,1,7,4
young person,2,7,4
complex needs,2,7,3
crime,1,7,3
data,1,7,3
ever,1,7,3
finance,1,7,3
house,1,7,3
return,1,7,3
scheme,1,7,3
sold,1,7,3
teaching,1,7,3
contract,1,7,2
footage,1,7,2
king,1,7,2
murders,1,7,2
prescribed,1,7,2
safeguarding,1,7,2
shows,1,7,2
student loans,2,7,2
threshold,1,7,2
tuition,1,7,2
violence,1,7,2
weight,1,7,2
card,1,7,1
essex,1,7,1
grok,1,7,1
hamilton,1,7,1
kenny,1,7,1
michael,1,7,1
nursery,1,7,1
oxford united,2,7,1
presentation,1,7,1
shooting,1,7,1
side effects,2,7,1
uniforms,1,7,1
yellow,1,7,1
yellow card,2,7,1
affected,1,6,6
cannot,1,6,6
disabilities send,2,6,6
either,1,6,6
events,1,6,6
future,1,6,6
needs disabilities send,3,6,6
newsletter,1,6,6
order,1,6,6
response,1,6,6
responsibility,1,6,6
term,1,6,6
warning,1,6,6
average,1,6,5
behind,1,6,5
clear,1,6,5
condition,1,6,5
department education,2,6,5
fight,1,6,5
flagship,1,6,5
half,1,6,5
huge,1,6,5
identify,1,6,5
independent,1,6,5
keep,1,6,5
listen,1,6,5
millions,1,6,5
never,1,6,5
october,1,6,5
outcomes,1,6,5
past,1,6,5
plus,1,6,5
sign here,2,6,5
spent,1,6,5
thousands,1,6,5
annual,1,6,4
april,1,6,4
attention,1,6,4
centre,1,6,4
costs,1,6,4
doubt,1,6,4
firm,1,6,4
focused,1,6,4
forward,1,6,4
free,1,6,4
leader,1,6,4
less,1,6,4
line,1,6,4
linked,1,6,4
makes,1,6,4
manchester,1,6,4
measure,1,6,4
practical,1,6,4
prevent,1,6,4
quality,1,6,4
saying,1,6,4
ultimately,1,6,4
abuse,1,6,3
academic,1,6,3
budget,1,6,3
came,1,6,3
clubs,1,6,3
consultation,1,6,3
countries,1,6,3
decade,1,6,3
fees,1,6,3
government plans,2,6,3
involved,1,6,3
liverpool,1,6,3
loan repayments,2,6,3
local authorities,2,6,3
make sure,2,6,3
positive,1,6,3
professionals,1,6,3
relationship,1,6,3
reserved,1,6,3
series,1,6,3
support plans,2,6,3
sure,1,6,3
talk,1,6,3
tragedy,1,6,3
wasn,1,6,3
bars,1,6,2
bomb,1,6,2
during pandemic,2,6,2
holly,1,6,2
injured,1,6,2
loss,1,6,2
payments,1,6,2
plan loans,2,6,2
political,1,6,2
revealed,1,6,2
treatment,1,6,2
active,1,6,1
allergies,1,6,1
blair,1,6,1
bright horizons,2,6,1
chloe,1,6,1
family friends,2,6,1
horizons,1,6,1
mounjaro,1,6,1
mountbatten-windsor,1,6,1
reservoir,1,6,1
ross,1,6,1
sophie,1,6,1
thoughts,1,6,1
actually,1,5,5
appropriate,1,5,5
best,1,5,5
better,1,5,5
chief,1,5,5
complaints,1,5,5
experience,1,5,5
facebook,1,5,5
facebook instagram,2,5,5
gave,1,5,5
growing,1,5,5
headlines,1,5,5
instagram,1,5,5
instead,1,5,5
itself,1,5,5
leaving,1,5,5
members,1,5,5
opportunity,1,5,5
pressure,1,5,5
quickly,1,5,5
regularly,1,5,5
result,1,5,5
starting,1,5,5
strong,1,5,5
thought,1,5,5
trying,1,5,5
whose,1,5,5
within,1,5,5
written,1,5,5
argued,1,5,4
arrived,1,5,4
associated,1,5,4
association,1,5,4
believed,1,5,4
bringing,1,5,4
calling,1,5,4
charity,1,5,4
circumstances,1,5,4
closed,1,5,4
coming,1,5,4
continued,1,5,4
demand,1,5,4
disorder,1,5,4
finding,1,5,4
focus,1,5,4
head teacher,2,5,4
himself,1,5,4
identified,1,5,4
included,1,5,4
john,1,5,4
july,1,5,4
kind,1,5,4
legislation,1,5,4
little,1,5,4
lives,1,5,4
lose,1,5,4
march,1,5,4
moment,1,5,4
overall,1,5,4
physical,1,5,4
prime,1,5,4
prime minister,2,5,4
prison,1,5,4
reduce,1,5,4
seeing,1,5,4
sentence,1,5,4
several,1,5,4
signs,1,5,4
speech,1,5,4
spoken,1,5,4
stop,1,5,4
suspicion,1,5,4
teachers,1,5,4
teenager,1,5,4
things,1,5,4
times,1,5,4
usually,1,5,4
women,1,5,4
words,1,5,4
adults,1,5,3
ambition,1,5,3
appeal,1,5,3
board,1,5,3
budgets,1,5,3
clearly,1,5,3
deal,1,5,3
extra,1,5,3
hard,1,5,3
helen,1,5,3
incredibly,1,5,3
jobs,1,5,3
legal action,2,5,3
looks,1,5,3
maximum,1,5,3
mental,1,5,3
mental health,2,5,3
names,1,5,3
officers,1,5,3
privately,1,5,3
proceedings,1,5,3
protections,1,5,3
rates,1,5,3
resources,1,5,3
role,1,5,3
save,1,5,3
services,1,5,3
single,1,5,3
spending,1,5,3
sport,1,5,3
teenagers,1,5,3
tells,1,5,3
union,1,5,3
weren,1,5,3
worth,1,5,3
youth,1,5,3
activity,1,5,2
alleged,1,5,2
civil,1,5,2
compensation,1,5,2
everything,1,5,2
inflation,1,5,2
jessica,1,5,2
lockdowns,1,5,2
lord,1,5,2
missing,1,5,2
morning,1,5,2
play,1,5,2
possible,1,5,2
rachel,1,5,2
repay,1,5,2
settings,1,5,2
student finance,2,5,2
traditional,1,5,2
tribunal,1,5,2
amelia family,2,5,1
blythe,1,5,1
class,1,5,1
comfortable,1,5,1
cullen,1,5,1
defendant,1,5,1
george,1,5,1
home office,2,5,1
industry,1,5,1
investment,1,5,1
investors,1,5,1
maintenance loan,2,5,1
mick,1,5,1
pelicot,1,5,1
phone contract,2,5,1
ponting,1,5,1
pupils wear,2,5,1
refugees,1,5,1
shares,1,5,1
shirt,1,5,1
shootings,1,5,1
shot,1,5,1
ties,1,5,1
tours,1,5,1
users,1,5,1
watt dickie,2,5,1
wetsuit,1,5,1
actions,1,4,4
admitted,1,4,4
advice,1,4,4
afford,1,4,4
arms,1,4,4
august,1,4,4
beyond,1,4,4
bridget,1,4,4
bridget phillipson,2,4,4
call,1,4,4
certain,1,4,4
chance,1,4,4
check,1,4,4
children special,2,4,4
children special educational,3,4,4
choose,1,4,4
committed,1,4,4
compared,1,4,4
completely,1,4,4
confirmed,1,4,4
covered,1,4,4
earlier,1,4,4
education secretary,2,4,4
education secretary bridget,3,4,4
engage,1,4,4
february,1,4,4
flagship newsletter,2,4,4
flagship newsletter headlines,3,4,4
forever,1,4,4
fund,1,4,4
groups,1,4,4
headlines need,2,4,4
headlines need start,3,4,4
hold,1,4,4
improve,1,4,4
incidents,1,4,4
include,1,4,4
increasing,1,4,4
industrial,1,4,4
investigation,1,4,4
lack,1,4,4
lead,1,4,4
looking,1,4,4
lower,1,4,4
meeting,1,4,4
near,1,4,4
need start,2,4,4
need start sign,3,4,4
newsletter headlines,2,4,4
newsletter headlines need,3,4,4
opened,1,4,4
point,1,4,4
press,1,4,4
prompted,1,4,4
range,1,4,4
reason,1,4,4
register,1,4,4
reporter,1,4,4
reporting,1,4,4
request,1,4,4
scale,1,4,4
secretary bridget,2,4,4
secretary bridget phillipson,3,4,4
seeking,1,4,4
shared,1,4,4
significant,1,4,4
similar,1,4,4
simply,1,4,4
situation,1,4,4
stage,1,4,4
start sign,2,4,4
start sign here,3,4,4
telling,1,4,4
towards,1,4,4
unable,1,4,4
warned,1,4,4
warns,1,4,4
woman,1,4,4
adds,1,4,3
almost,1,4,3
analysis,1,4,3
applied,1,4,3
bailey,1,4,3
benefits,1,4,3
boat,1,4,3
brand,1,4,3
calls,1,4,3
changing,1,4,3
charged,1,4,3
children complex,2,4,3
children complex needs,3,4,3
children school,2,4,3
college london,2,4,3
continue,1,4,3
control,1,4,3
damages,1,4,3
december,1,4,3
determined,1,4,3
digital,1,4,3
director,1,4,3
dismissed,1,4,3
ensuring,1,4,3
established,1,4,3
every child,2,4,3
eyes,1,4,3
friend,1,4,3
general,1,4,3
girl,1,4,3
gone,1,4,3
happen,1,4,3
helping,1,4,3
images,1,4,3
index,1,4,3
individual support,2,4,3
individual support plans,3,4,3
inside,1,4,3
international,1,4,3
invest,1,4,3
isps,1,4,3
issues,1,4,3
joined,1,4,3
largest,1,4,3
legally,1,4,3
lies,1,4,3
mark,1,4,3
mean,1,4,3
meanwhile,1,4,3
medication,1,4,3
member,1,4,3
million,1,4,3
minimum,1,4,3
name,1,4,3
option,1,4,3
period,1,4,3
planned,1,4,3
plans isps,2,4,3
policies,1,4,3
politics,1,4,3
powerful,1,4,3
president,1,4,3
price,1,4,3
priority,1,4,3
programme,1,4,3
prove,1,4,3
questions,1,4,3
raised concerns,2,4,3
released,1,4,3
remained,1,4,3
representing,1,4,3
require,1,4,3
rising,1,4,3
saturday,1,4,3
seek,1,4,3
seemed,1,4,3
send support,2,4,3
senior,1,4,3
shock,1,4,3
shocked,1,4,3
speak,1,4,3
straight,1,4,3
studying,1,4,3
support plans isps,3,4,3
survey,1,4,3
themselves,1,4,3
threatened,1,4,3
tribunals,1,4,3
turned,1,4,3
using,1,4,3
victim,1,4,3
wider,1,4,3
above,1,4,2
accounts,1,4,2
attended,1,4,2
cambridgeshire,1,4,2
cctv,1,4,2
challenges,1,4,2
claiming,1,4,2
clarke,1,4,2
clinic,1,4,2
culture,1,4,2
deaths,1,4,2
degree,1,4,2
designed,1,4,2
directly,1,4,2
doesn,1,4,2
done,1,4,2
during covid,2,4,2
earn,1,4,2
emma,1,4,2
floor,1,4,2
formal,1,4,2
foundation,1,4,2
grants,1,4,2
growth,1,4,2
healthcare professionals,2,4,2
higher education,2,4,2
home secretary,2,4,2
hundreds,1,4,2
injections,1,4,2
inquiry,1,4,2
level support,2,4,2
memoir,1,4,2
message,1,4,2
minutes,1,4,2
monthly,1,4,2
murder,1,4,2
nations,1,4,2
owners,1,4,2
petition,1,4,2
places,1,4,2
post-mortem,1,4,2
power,1,4,2
practice,1,4,2
primary schools,2,4,2
reactions,1,4,2
removed,1,4,2
royal,1,4,2
scene,1,4,2
schools england,2,4,2
scottish,1,4,2
settlement,1,4,2
sides,1,4,2
some schools,2,4,2
spend,1,4,2
stories,1,4,2
thing,1,4,2
thresholds,1,4,2
together,1,4,2
trauma,1,4,2
treat,1,4,2
troubles,1,4,2
uncomfortable,1,4,2
values,1,4,2
wait,1,4,2
year-olds,1,4,2
adverse,1,4,1
advocacy,1,4,1
apprenticeship,1,4,1
benedict,1,4,1
bombings,1,4,1
boys,1,4,1
brewery,1,4,1
cannabis,1,4,1
captain,1,4,1
card scheme,2,4,1
common,1,4,1
condolences,1,4,1
craft,1,4,1
cross-sex,1,4,1
cross-sex hormones,2,4,1
debt,1,4,1
diabetes,1,4,1
duncan,1,4,1
epstein,1,4,1
faith schools,2,4,1
favour,1,4,1
festival,1,4,1
footage shows,2,4,1
football club,2,4,1
george robertson,2,4,1
goldwater,1,4,1
guns,1,4,1
immediately,1,4,1
involvement,1,4,1
james watt,2,4,1
joanna,1,4,1
kenny ross,2,4,1
lord cullen,2,4,1
maintenance loans,2,4,1
medicines,1,4,1
michael forsyth,2,4,1
mick north,2,4,1
morgan,1,4,1
parole,1,4,1
pearston,1,4,1
platform,1,4,1
punk,1,4,1
silence,1,4,1
smart,1,4,1
snowdrop,1,4,1
sports,1,4,1
student loan repayments,3,4,1
students england,2,4,1
tony,1,4,1
tuition fees,2,4,1
visa,1,4,1
weight loss,2,4,1
weight-loss,1,4,1
worried,1,4,1
yellow card scheme,3,4,1
your course,2,4,1
ability,1,3,3
accept,1,3,3
accommodation,1,3,3
account,1,3,3
additional reporting,2,3,3
ahead,1,3,3
along,1,3,3
anne,1,3,3
appear,1,3,3
aren,1,3,3
aspects,1,3,3
assessed,1,3,3
attached,1,3,3
authority,1,3,3
awareness,1,3,3
basis,1,3,3
begin,1,3,3
benefit,1,3,3
bought,1,3,3
broader,1,3,3
campaigners,1,3,3
carer,1,3,3
carrying,1,3,3
category,1,3,3
caused,1,3,3
charge,1,3,3
chief executive,2,3,3
claimed,1,3,3
colleagues,1,3,3
companies,1,3,3
complain,1,3,3
complained,1,3,3
concern,1,3,3
conditions,1,3,3
contacted,1,3,3
couldn,1,3,3
county,1,3,3
created,1,3,3
crisis,1,3,3
declined,1,3,3
dedicated,1,3,3
delivering,1,3,3
denied,1,3,3
discovered,1,3,3
document,1,3,3
documents,1,3,3
education health,2,3,3
education health care,3,3,3
elements,1,3,3
enable,1,3,3
encouraged,1,3,3
ended,1,3,3
ending,1,3,3
english,1,3,3
equipment,1,3,3
eroded,1,3,3
especially,1,3,3
examine,1,3,3
executive,1,3,3
facing,1,3,3
failure,1,3,3
final,1,3,3
form,1,3,3
global,1,3,3
great,1,3,3
harm,1,3,3
health care,2,3,3
hearing,1,3,3
hoped,1,3,3
increased,1,3,3
initial,1,3,3
inquest,1,3,3
institute,1,3,3
january,1,3,3
judge,1,3,3
kids,1,3,3
launched,1,3,3
leaves,1,3,3
letting,1,3,3
levels,1,3,3
life sentence,2,3,3
light,1,3,3
limit,1,3,3
limited,1,3,3
list,1,3,3
market,1,3,3
memory,1,3,3
mind,1,3,3
minimum term,2,3,3
monday,1,3,3
moved,1,3,3
moving,1,3,3
nation,1,3,3
nearly,1,3,3
nine,1,3,3
november,1,3,3
offer,1,3,3
offered,1,3,3
officer,1,3,3
organisation,1,3,3
particular,1,3,3
pounds,1,3,3
present,1,3,3
previously,1,3,3
proved,1,3,3
quite,1,3,3
radio,1,3,3
rapid,1,3,3
reasonable,1,3,3
recently,1,3,3
record,1,3,3
regional,1,3,3
regulator,1,3,3
relating,1,3,3
release,1,3,3
remains,1,3,3
remember,1,3,3
represents,1,3,3
required,1,3,3
respond,1,3,3
responded,1,3,3
responding,1,3,3
responses,1,3,3
schools white,2,3,3
schools white paper,3,3,3
send system england,3,3,3
separate,1,3,3
seven,1,3,3
sexual,1,3,3
sixth,1,3,3
some positive,2,3,3
sometimes,1,3,3
soon,1,3,3
sounds facebook,2,3,3
sounds facebook instagram,3,3,3
south,1,3,3
speaking,1,3,3
specific,1,3,3
spoke,1,3,3
stay,1,3,3
suffered,1,3,3
suspicious,1,3,3
system england,2,3,3
talking,1,3,3
teams,1,3,3
tell,1,3,3
terms,1,3,3
treated,1,3,3
understand,1,3,3
understanding,1,3,3
university college,2,3,3
unless,1,3,3
view,1,3,3
voice,1,3,3
wants,1,3,3
ways,1,3,3
west,1,3,3
works,1,3,3
wrong,1,3,3
young woman,2,3,3
action against,2,3,2
afterwards,1,3,2
agency,1,3,2
allowed,1,3,2
alongside,1,3,2
andrew,1,3,2
angry,1,3,2
approach,1,3,2
arrested,1,3,2
arts,1,3,2
asking,1,3,2
assess,1,3,2
assistant,1,3,2
avoid,1,3,2
balance,1,3,2
brilliant,1,3,2
bring,1,3,2
built,1,3,2
case against,2,3,2
central,1,3,2
championships,1,3,2
charles,1,3,2
child young,2,3,2
child young person,3,3,2
children rights,2,3,2
city council,2,3,2
clinical,1,3,2
conflict,1,3,2
considered,1,3,2
considering,1,3,2
contact,1,3,2
contributed,1,3,2
convicted,1,3,2
courses,1,3,2
cover,1,3,2
crimes,1,3,2
daily,1,3,2
dead,1,3,2
defence,1,3,2
deficits,1,3,2
depending,1,3,2
describe,1,3,2
detectives,1,3,2
door,1,3,2
driven,1,3,2
driving,1,3,2
education paid,2,3,2
encouraging,1,3,2
england wales,2,3,2
entitlements,1,3,2
environment,1,3,2
every single,2,3,2
examination,1,3,2
expert,1,3,2
explain,1,3,2
explaining,1,3,2
facilities,1,3,2
fatal,1,3,2
food,1,3,2
frozen,1,3,2
governments,1,3,2
grow,1,3,2
holly jessica,2,3,2
hope,1,3,2
institutions,1,3,2
interest rate,2,3,2
interest rates,2,3,2
intervened,1,3,2
jailed,1,3,2
killer,1,3,2
language,1,3,2
lawyers student,2,3,2
lawyers student group,3,3,2
leaders,1,3,2
leadership,1,3,2
league,1,3,2
least,1,3,2
leave,1,3,2
leeds,1,3,2
legal right,2,3,2
liability,1,3,2
literature,1,3,2
live,1,3,2
lived,1,3,2
loans company,2,3,2
lockdown,1,3,2
lockerbie,1,3,2
longer-term,1,3,2
main,1,3,2
maintenance grants,2,3,2
male,1,3,2
marketing,1,3,2
meaningful,1,3,2
music,1,3,2
needs individual,2,3,2
north east,2,3,2
nose,1,3,2
notes,1,3,2
ofcom,1,3,2
opposite,1,3,2
patients,1,3,2
paying,1,3,2
peace,1,3,2
personalised,1,3,2
politicians,1,3,2
post-mortem examination,2,3,2
prince,1,3,2
private schools,2,3,2
properly,1,3,2
protections children,2,3,2
push,1,3,2
qualify,1,3,2
questioned,1,3,2
reached,1,3,2
reassessed,1,3,2
related,1,3,2
remote,1,3,2
repayment thresholds,2,3,2
retail,1,3,2
risen,1,3,2
risks,1,3,2
routes,1,3,2
ruling,1,3,2
safeguards,1,3,2
searches,1,3,2
secure,1,3,2
send deficits,2,3,2
send school,2,3,2
shirts,1,3,2
signed,1,3,2
software,1,3,2
specialists,1,3,2
speeding,1,3,2
spring,1,3,2
state sector,2,3,2
statutory,1,3,2
stopped,1,3,2
straight your,2,3,2
struggled,1,3,2
student loans company,3,3,2
success,1,3,2
suggesting,1,3,2
supervision,1,3,2
swimming,1,3,2
tale,1,3,2
targeted plus,2,3,2
truly,1,3,2
twice,1,3,2
unprecedented,1,3,2
valley,1,3,2
video,1,3,2
waiting,1,3,2
wells,1,3,2
williams,1,3,2
witnesses,1,3,2
young send,2,3,2
adverse drug,2,3,1
adverse drug reaction,3,3,1
affordable,1,3,1
afghans,1,3,1
andrews story,2,3,1
arndale,1,3,1
arndale shopping,2,3,1
arndale shopping centre,3,3,1
assistants,1,3,1
backgrounds,1,3,1
belongings,1,3,1
blazer,1,3,1
blazers ties,2,3,1
blood,1,3,1
body found,2,3,1
borrow,1,3,1
bradley,1,3,1
bruising,1,3,1
cambridge,1,3,1
cameroon,1,3,1
captures,1,3,1
card reports,2,3,1
children needs,2,3,1
clothing,1,3,1
common side,2,3,1
condolences amelia,2,3,1
condolences amelia family,3,3,1
confirming,1,3,1
conservative,1,3,1
consider,1,3,1
content,1,3,1
coursing,1,3,1
craft beer,2,3,1
dental,1,3,1
depend,1,3,1
didcot,1,3,1
didcot town,2,3,1
disaster,1,3,1
drug reaction,2,3,1
early-years,1,3,1
early-years settings,2,3,1
earning,1,3,1
eileen,1,3,1
eileen harrild,2,3,1
employment,1,3,1
enforceable,1,3,1
essex police,2,3,1
fairer,1,3,1
garage,1,3,1
generated,1,3,1
goalkeeper,1,3,1
hare,1,3,1
hare coursing,2,3,1
harley-roberts,1,3,1
harrild,1,3,1
heineken,1,3,1
hillsborough,1,3,1
hit-and-run,1,3,1
houghton,1,3,1
immigration,1,3,1
lane,1,3,1
legal rights,2,3,1
likely neet,2,3,1
low-paying,1,3,1
low-paying faith,2,3,1
low-paying faith schools,3,3,1
mahmood,1,3,1
management,1,3,1
marshall-oxley,1,3,1
mayor,1,3,1
myanmar,1,3,1
nurseries,1,3,1
ozempic,1,3,1
pancreatitis,1,3,1
party,1,3,1
patient,1,3,1
patient safety,2,3,1
pharmacy,1,3,1
plants,1,3,1
polo,1,3,1
presenters,1,3,1
proposed,1,3,1
proposed changes,2,3,1
pupil,1,3,1
rape,1,3,1
reeves,1,3,1
refund,1,3,1
revolution,1,3,1
round,1,3,1
salaries,1,3,1
sell,1,3,1
shopping,1,3,1
shopping centre,2,3,1
sickening,1,3,1
sister,1,3,1
start-up,1,3,1
started university,2,3,1
started university later,3,3,1
sudan,1,3,1
suspected reactions,2,3,1
terrible,1,3,1
thoughts family,2,3,1
thoughts family friends,3,3,1
tony blair,2,3,1
tool,1,3,1
treat diabetes,2,3,1
unicorn,1,3,1
university later,2,3,1
unusual,1,3,1
valuation,1,3,1
water,1,3,1
wegovy,1,3,1
wheelbarrow,1,3,1
yellow card reports,3,3,1
able apply,2,2,2
above threshold,2,2,2
absolutely,1,2,2
academy,1,2,2
accessed,1,2,2
across country,2,2,2
actively,1,2,2
actually receive,2,2,2
adapt,1,2,2
added government,2,2,2
addressed,1,2,2
adhd,1,2,2
adjustments,1,2,2
afternoon,1,2,2
against government,2,2,2
aged five,2,2,2
alarm,1,2,2
alarm bells,2,2,2
allocated,1,2,2
anger,1,2,2
anonymity,1,2,2
apart,1,2,2
appealed,1,2,2
appears,1,2,2
applications,1,2,2
applications students,2,2,2
applies,1,2,2
apply education,2,2,2
apply education health,3,2,2
approved,1,2,2
approximately,1,2,2
area,1,2,2
assault,1,2,2
attack well,2,2,2
attacking,1,2,2
attacks,1,2,2
attending,1,2,2
australia,1,2,2
autism,1,2,2
autistic,1,2,2
aware concerns,2,2,2
bank,1,2,2
banned,1,2,2
based,1,2,2
begun,1,2,2
behalf,1,2,2
bells,1,2,2
beneficial,1,2,2
biggest,1,2,2
bill,1,2,2
bodies,1,2,2
book,1,2,2
books,1,2,2
bound,1,2,2
brands,1,2,2
breaks,1,2,2
breast,1,2,2
broadly,1,2,2
broke,1,2,2
browning,1,2,2
bruises,1,2,2
brutal,1,2,2
businesses,1,2,2
cambridgeshire sounds,2,2,2
cambridgeshire sounds facebook,3,2,2
camera,1,2,2
campaign named,2,2,2
campaigned,1,2,2
campbell,1,2,2
care plan,2,2,2
care plan ehcp,3,2,2
carer apply,2,2,2
carer apply education,3,2,2
carers,1,2,2
caretaker,1,2,2
case brought,2,2,2
cast,1,2,2
catch,1,2,2
categories,1,2,2
categorised,1,2,2
cause,1,2,2
causes,1,2,2
certainly,1,2,2
challenging,1,2,2
chance respond,2,2,2
chance respond lawyers,3,2,2
changes government,2,2,2
chapman,1,2,2
check whether,2,2,2
child ehcp,2,2,2
child needs,2,2,2
child school,2,2,2
children safe,2,2,2
claim paid,2,2,2
claim paid actually,3,2,2
claims brought,2,2,2
clinics,1,2,2
close,1,2,2
closely,1,2,2
cold,1,2,2
collective,1,2,2
come into,2,2,2
come into force,3,2,2
comment individual,2,2,2
commission,1,2,2
commissioned,1,2,2
commit,1,2,2
commitment,1,2,2
communities,1,2,2
complaints process,2,2,2
complete,1,2,2
complex needs individual,3,2,2
compound,1,2,2
concerning,1,2,2
conclude,1,2,2
conclusive,1,2,2
confidence,1,2,2
consistent having,2,2,2
contacted comment,2,2,2
convictions,1,2,2
coroner,1,2,2
corporate,1,2,2
courts,1,2,2
critical,1,2,2
criticised,1,2,2
criticised high,2,2,2
criticised high interest,3,2,2
crown,1,2,2
current system,2,2,2
customers,1,2,2
damages learning,2,2,2
date,1,2,2
deadline,1,2,2
dealing,1,2,2
debts,1,2,2
decades,1,2,2
declined comment,2,2,2
deliver changes,2,2,2
delivered local,2,2,2
democrat,1,2,2
denied wrongdoing,2,2,2
department health,2,2,2
depending live,2,2,2
depth,1,2,2
detonated,1,2,2
develop,1,2,2
developing,1,2,2
didn think,2,2,2
difference,1,2,2
difficulty,1,2,2
dirt,1,2,2
disabilities send system,3,2,2
discuss,1,2,2
distressed,1,2,2
distressing,1,2,2
district,1,2,2
documentary,1,2,2
does support,2,2,2
double,1,2,2
doubled,1,2,2
doubled decade,2,2,2
drawn,1,2,2
drawn schools,2,2,2
during trial,2,2,2
duty,1,2,2
earned,1,2,2
easier,1,2,2
education minister,2,2,2
education minister olivia,3,2,2
education policy,2,2,2
education policy institute,3,2,2
education stages,2,2,2
effect,1,2,2
effective,1,2,2
ehcp entitlements,2,2,2
ehcp identifies,2,2,2
ehcp identifies needs,3,2,2
ehcps england,2,2,2
ehcps england number,3,2,2
eligible,1,2,2
else,1,2,2
encourages,1,2,2
ends,1,2,2
enforcement,1,2,2
england child,2,2,2
england child young,3,2,2
england number,2,2,2
england number doubled,3,2,2
england september,2,2,2
england wales northern,3,2,2
entered,1,2,2
entitlement,1,2,2
escape,1,2,2
essential,1,2,2
estimated,1,2,2
european,1,2,2
evening,1,2,2
eventually,1,2,2
every three,2,2,2
evidence does,2,2,2
evidence does support,3,2,2
exciting,1,2,2
excluded,1,2,2
existing,1,2,2
expect,1,2,2
explosion,1,2,2
extensive,1,2,2
extreme,1,2,2
fact,1,2,2
facts,1,2,2
failed,1,2,2
fall,1,2,2
falling,1,2,2
farm,1,2,2
father,1,2,2
felt deeply,2,2,2
felt like,2,2,2
female,1,2,2
field,1,2,2
fighting,1,2,2
filmed,1,2,2
finally,1,2,2
finds,1,2,2
five-year-old,1,2,2
flee,1,2,2
fold,1,2,2
follow cambridgeshire,2,2,2
follow cambridgeshire sounds,3,2,2
foot,1,2,2
football clubs,2,2,2
forensic,1,2,2
forms,1,2,2
fought,1,2,2
found difficult,2,2,2
found guilty,2,2,2
foundation found,2,2,2
frankland,1,2,2
freedom,1,2,2
freedom information,2,2,2
freedom information request,3,2,2
friday,1,2,2
fully,1,2,2
fundamental,1,2,2
further proceedings,2,2,2
further proceedings begin,3,2,2
gathered,1,2,2
generally,1,2,2
genius,1,2,2
gets,1,2,2
giving,1,2,2
government decision,2,2,2
government invest,2,2,2
government invest send,3,2,2
government plan,2,2,2
government plan loans,3,2,2
government proposals,2,2,2
government spokesperson,2,2,2
government white,2,2,2
government white paper,3,2,2
graduate,1,2,2
graduation,1,2,2
gravity,1,2,2
green,1,2,2
guarantee,1,2,2
guilty,1,2,2
hair,1,2,2
handed,1,2,2
happy,1,2,2
harmed,1,2,2
harrowing,1,2,2
health care plan,3,2,2
health conditions,2,2,2
heartbreaking,1,2,2
held,1,2,2
helicopter,1,2,2
helped,1,2,2
high court,2,2,2
high interest,2,2,2
high interest rates,3,2,2
high school,2,2,2
higher education policy,3,2,2
highest,1,2,2
highly,1,2,2
holly wells,2,2,2
holly wells jessica,3,2,2
hopes,1,2,2
hoping,1,2,2
horrified,1,2,2
horror,1,2,2
hospitality,1,2,2
hospitality sector,2,2,2
hotel,1,2,2
hours,1,2,2
human,1,2,2
human rights,2,2,2
hunt,1,2,2
ideas,1,2,2
identifies,1,2,2
identifies needs,2,2,2
identifies needs sets,3,2,2
illnesses,1,2,2
image,1,2,2
immediate,1,2,2
impacted,1,2,2
implemented,1,2,2
improvements,1,2,2
improving,1,2,2
in-person,1,2,2
incorrect,1,2,2
index measure,2,2,2
industrial unit,2,2,2
inflation three,2,2,2
influence,1,2,2
information request,2,2,2
inquiries,1,2,2
intend,1,2,2
intend seek,2,2,2
intend seek damages,3,2,2
intention,1,2,2
interview,1,2,2
into force,2,2,2
into house,2,2,2
introduce,1,2,2
inundated,1,2,2
invest send,2,2,2
investigate,1,2,2
investigating,1,2,2
isolated,1,2,2
isps introduced,2,2,2
january government,2,2,2
jessica chapman,2,2,2
june,1,2,2
keeping,1,2,2
keir,1,2,2
keir starmer,2,2,2
killed,1,2,2
killings,1,2,2
know going,2,2,2
knowing,1,2,2
lady,1,2,2
large,1,2,2
larger,1,2,2
laws,1,2,2
lawyer,1,2,2
lawyers representing,2,2,2
learn,1,2,2
left behind,2,2,2
legacy,1,2,2
legal proceedings,2,2,2
lesson,1,2,2
letters lawyers,2,2,2
liable,1,2,2
liberal,1,2,2
liberal democrat,2,2,2
life sentence minimum,3,2,2
lips,1,2,2
listed,1,2,2
lively,1,2,2
living costs,2,2,2
loans issued,2,2,2
local authority,2,2,2
longer,1,2,2
looked,1,2,2
lorry,1,2,2
losses,1,2,2
lots,1,2,2
mainstream schools parent,3,2,2
maintain,1,2,2
maintaining,1,2,2
make mainstream,2,2,2
make mainstream schools,3,2,2
managing,1,2,2
manchester united,2,2,2
marks,1,2,2
mass,1,2,2
match,1,2,2
material,1,2,2
matter,1,2,2
meaning,1,2,2
measures,1,2,2
meets,1,2,2
metropolitan,1,2,2
metropolitan police,2,2,2
middle,1,2,2
miles,1,2,2
millionaire,1,2,2
mine,1,2,2
minister keir,2,2,2
minister keir starmer,3,2,2
minister olivia,2,2,2
minister olivia bailey,3,2,2
mobile,1,2,2
moments,1,2,2
months later,2,2,2
mortgage,1,2,2
mother,1,2,2
mouth,1,2,2
move education,2,2,2
move education stages,3,2,2
must ensure,2,2,2
named,1,2,2
nature,1,2,2
necessarily,1,2,2
needs individual support,3,2,2
needs overall,2,2,2
needs sets,2,2,2
needs sets support,3,2,2
needs support,2,2,2
needs support typically,3,2,2
negative,1,2,2
next three,2,2,2
nick,1,2,2
nobody,1,2,2
normally,1,2,2
number doubled,2,2,2
number doubled decade,3,2,2
obligations,1,2,2
obvious,1,2,2
obviously,1,2,2
offender,1,2,2
offering,1,2,2
official figures,2,2,2
older,1,2,2
olivia,1,2,2
olivia bailey,2,2,2
only children,2,2,2
only children complex,3,2,2
only recently,2,2,2
operation,1,2,2
optimistic,1,2,2
other forms,2,2,2
outcomes children,2,2,2
outcomes children send,3,2,2
outlined,1,2,2
overnight,1,2,2
paid actually,2,2,2
paid actually receive,3,2,2
paid year-old,2,2,2
paint,1,2,2
pair,1,2,2
parent carer,2,2,2
parent carer apply,3,2,2
parents children,2,2,2
parliament,1,2,2
part broader,2,2,2
passed,1,2,2
paul,1,2,2
penny,1,2,2
perfect,1,2,2
periods,1,2,2
permanent,1,2,2
person needs,2,2,2
person needs support,3,2,2
personal,1,2,2
persons,1,2,2
picture,1,2,2
placed,1,2,2
placement,1,2,2
plan ehcp,2,2,2
plan ehcp identifies,3,2,2
planning,1,2,2
plans isps introduced,3,2,2
plans provide,2,2,2
plans reserved,2,2,2
platforms,1,2,2
players,1,2,2
playing,1,2,2
plus specialist,2,2,2
police officers,2,2,2
policy document,2,2,2
policy institute,2,2,2
poor,1,2,2
post,1,2,2
potential,1,2,2
powys,1,2,2
premier,1,2,2
premier league,2,2,2
prepare,1,2,2
presence,1,2,2
prime minister keir,3,2,2
prior,1,2,2
prize,1,2,2
problem,1,2,2
proceedings begin,2,2,2
processed,1,2,2
produce,1,2,2
prof,1,2,2
professor,1,2,2
promise,1,2,2
promised,1,2,2
proposals appear,2,2,2
protection,1,2,2
provided mainstream,2,2,2
provided mainstream schools,3,2,2
provider,1,2,2
providing,1,2,2
published august,2,2,2
punched,1,2,2
purchasing,1,2,2
queen,1,2,2
raise concerns,2,2,2
reach,1,2,2
read,1,2,2
reading,1,2,2
reasons,1,2,2
reassessed move,2,2,2
reassessed move education,3,2,2
received pre-action,2,2,2
receiving,1,2,2
reduce risk,2,2,2
reduced,1,2,2
referred,1,2,2
reforms children,2,2,2
refresher,1,2,2
refuse,1,2,2
registered,1,2,2
regrets,1,2,2
regular,1,2,2
reintroducing,1,2,2
rejected,1,2,2
religious,1,2,2
remaining,1,2,2
remarkable,1,2,2
removal,1,2,2
remove,1,2,2
removing,1,2,2
repeatedly,1,2,2
report into,2,2,2
representative,1,2,2
residents,1,2,2
resolved,1,2,2
respond lawyers,2,2,2
respond lawyers student,3,2,2
responsible ensuring,2,2,2
rest,1,2,2
resulted,1,2,2
results,1,2,2
revelations,1,2,2
reversed,1,2,2
reviews,1,2,2
revised,1,2,2
richard,1,2,2
rule,1,2,2
rules,1,2,2
russell,1,2,2
ruth,1,2,2
sacks,1,2,2
safety concerns,2,2,2
school pupils,2,2,2
schools families,2,2,2
schools inclusive,2,2,2
schools parent,2,2,2
schools parent carer,3,2,2
science,1,2,2
scrambled,1,2,2
search,1,2,2
second,1,2,2
security,1,2,2
seek damages,2,2,2
seek damages learning,3,2,2
send children,2,2,2
senior politicians,2,2,2
sense,1,2,2
sentence minimum,2,2,2
sentenced,1,2,2
separately,1,2,2
september children,2,2,2
september july,2,2,2
services including,2,2,2
sets,1,2,2
sets support,2,2,2
sets support should,3,2,2
setting,1,2,2
share,1,2,2
shortage,1,2,2
should receive,2,2,2
show,1,2,2
site,1,2,2
skull,1,2,2
slightly,1,2,2
some aspects,2,2,2
special needs,2,2,2
specialist provision,2,2,2
specialist support,2,2,2
speed,1,2,2
staffing,1,2,2
staged,1,2,2
stages,1,2,2
stand,1,2,2
standards,1,2,2
starmer,1,2,2
start university,2,2,2
state-funded,1,2,2
stated,1,2,2
statements,1,2,2
stephen,1,2,2
steps,1,2,2
strange,1,2,2
strategy,1,2,2
street,1,2,2
strenuously,1,2,2
strictly,1,2,2
students able,2,2,2
studies,1,2,2
successful,1,2,2
successfully,1,2,2
suddenly,1,2,2
summer,1,2,2
support children,2,2,2
support offered,2,2,2
support should,2,2,2
support should receive,3,2,2
support students,2,2,2
support typically,2,2,2
support typically provided,3,2,2
supported,1,2,2
supporting children,2,2,2
take place,2,2,2
taken hospital,2,2,2
taken into,2,2,2
target,1,2,2
targeted plus specialist,3,2,2
targeted targeted plus,3,2,2
tattoos,1,2,2
tech,1,2,2
tested,1,2,2
thinking,1,2,2
though,1,2,2
threats,1,2,2
three months,2,2,2
thursday,1,2,2
told police,2,2,2
total young,2,2,2
total young ehcps,3,2,2
towns,1,2,2
track,1,2,2
trainers,1,2,2
training staff,2,2,2
transport service,2,2,2
travel,1,2,2
travelling,1,2,2
tried,1,2,2
triggered,1,2,2
troubling,1,2,2
trust,1,2,2
truth,1,2,2
tucked,1,2,2
turn,1,2,2
typically provided,2,2,2
typically provided mainstream,3,2,2
unconscious,1,2,2
uncovered,1,2,2
undergraduate,1,2,2
understands,1,2,2
unhappy,1,2,2
unit,1,2,2
universities received,2,2,2
universities received pre-action,3,2,2
university college london,3,2,2
unnecessary,1,2,2
unsustainable,1,2,2
used create,2,2,2
vehicle,1,2,2
videos,1,2,2
violent,1,2,2
virtual,1,2,2
visitors,1,2,2
vital,1,2,2
volatile,1,2,2
vulnerable,1,2,2
wake,1,2,2
wales northern,2,2,2
wales northern ireland,3,2,2
walk,1,2,2
warn,1,2,2
wearing blazers,2,2,2
week government,2,2,2
welcomed,1,2,2
wells jessica,2,2,2
wells jessica chapman,3,2,2
went back,2,2,2
went into,2,2,2
whatever,1,2,2
workshop,1,2,2
wouldn,1,2,2
wrongdoing,1,2,2
yorkshire,1,2,2
young ehcps,2,2,2
young ehcps england,3,2,2
young person needs,3,2,2
abbey,1,2,1
able establish,2,2,1
academics,1,2,1
acting,1,2,1
acute,1,2,1
acute pancreatitis,2,2,1
adams alleged,2,2,1
administration,1,2,1
adrenaline,1,2,1
advised,1,2,1
advocacy group,2,2,1
afghanistan,1,2,1
afghans home,2,2,1
afghans home office,3,2,1
against british,2,2,1
against british values,3,2,1
against universities,2,2,1
against university,2,2,1
aged poorly,2,2,1
alleged leadership,2,2,1
alleged leadership role,3,2,1
allergy safeguards,2,2,1
allergy safeguards place,3,2,1
alvaston,1,2,1
alvaston moor,2,2,1
ambulance,1,2,1
amelia family everyone,3,2,1
amelia family friends,3,2,1
ammunition,1,2,1
anniversary,1,2,1
appeals,1,2,1
applicants,1,2,1
apprenticeship training,2,2,1
apprenticeships,1,2,1
arrest,1,2,1
arts london,2,2,1
aside,1,2,1
asylum claim,2,2,1
audit,1,2,1
audit office,2,2,1
auto-injectors,1,2,1
avoid words,2,2,1
avoid words phrases,3,2,1
away home,2,2,1
away home borrow,3,2,1
aylesbury,1,2,1
aylesbury high,2,2,1
baby,1,2,1
balance probabilities,2,2,1
banged,1,2,1
beer industry,2,2,1
belfast,1,2,1
benedict blythe,2,2,1
bethan family,2,2,1
bethan home,2,2,1
bethan injuries,2,2,1
billion-pound,1,2,1
biological,1,2,1
bitten,1,2,1
black mamas,2,2,1
blazers ties favour,3,2,1
blue,1,2,1
bomb left,2,2,1
bombs,1,2,1
bottoms,1,2,1
boys clubs,2,2,1
brewery bars,2,2,1
brewing,1,2,1
bright horizons nursery,3,2,1
brilliant support,2,2,1
brilliant support deserve,3,2,1
british,1,2,1
british values,2,2,1
british values decency,3,2,1
buildings,1,2,1
called andrews,2,2,1
cameras,1,2,1
capacity,1,2,1
carbon,1,2,1
cash,1,2,1
cass,1,2,1
caught,1,2,1
central government,2,2,1
chan worked,2,2,1
chancellor,1,2,1
chancellor rachel,2,2,1
chancellor rachel reeves,3,2,1
chase,1,2,1
cheshire,1,2,1
child brilliant,2,2,1
child brilliant support,3,2,1
children attended,2,2,1
children ehcp,2,2,1
children young send,3,2,1
cited,1,2,1
civil case,2,2,1
claimants seek,2,2,1
claiming asylum,2,2,1
clothes,1,2,1
club sport,2,2,1
club sport published,3,2,1
co-founders,1,2,1
cole,1,2,1
collapsed,1,2,1
colleges,1,2,1
common side effects,3,2,1
commonwealth force,2,2,1
company sold,2,2,1
comparison,1,2,1
confidential,1,2,1
conservative government,2,2,1
conservatives,1,2,1
consider legal,2,2,1
consider legal action,3,2,1
considered neet,2,2,1
contact schools,2,2,1
cost supporting,2,2,1
counted,1,2,1
coursing chase,2,2,1
court alleged,2,2,1
court appeal,2,2,1
covid lockdowns,2,2,1
craft beer industry,3,2,1
crashes,1,2,1
craven,1,2,1
cross-sex hormones year-olds,3,2,1
cult,1,2,1
daily podcast,2,2,1
data showed,2,2,1
daughter sophie,2,2,1
decency,1,2,1
deepest,1,2,1
deepest condolences,2,2,1
deeply misleading,2,2,1
defence next,2,2,1
defence next week,3,2,1
deficits built,2,2,1
delivered previous,2,2,1
delivered previous governments,3,2,1
demands,1,2,1
demonstrations,1,2,1
dental report,2,2,1
depends,1,2,1
derbyshire,1,2,1
derogatory,1,2,1
derogatory posts,2,2,1
described very,2,2,1
deserve,1,2,1
deserve need,2,2,1
deserve need routine,3,2,1
despite increase,2,2,1
devastated,1,2,1
devil,1,2,1
dickie followed,2,2,1
dickie followed suit,3,2,1
direct,1,2,1
direct indirect,2,2,1
direct indirect involvement,3,2,1
directly your,2,2,1
disadvantaged,1,2,1
disadvantaged backgrounds,2,2,1
disbelief,1,2,1
disbelief happened,2,2,1
disruption,1,2,1
docklands,1,2,1
dodd,1,2,1
domestic,1,2,1
domestic violence,2,2,1
dominique,1,2,1
dragged,1,2,1
dream,1,2,1
drivers,1,2,1
drug reaction reports,3,2,1
dunblane shootings,2,2,1
during lockdowns,2,2,1
early-warning,1,2,1
educate,1,2,1
education employment,2,2,1
education employment training,3,2,1
elan,1,2,1
elan valley,2,2,1
election,1,2,1
ellon,1,2,1
emerged,1,2,1
emotional,1,2,1
emotional mental,2,2,1
emotional mental health,3,2,1
employment training,2,2,1
encountering,1,2,1
encourage,1,2,1
equity punk,2,2,1
equity punks likely,3,2,1
essex police aware,3,2,1
establish,1,2,1
every child brilliant,3,2,1
everyone oxford,2,2,1
everyone oxford united,3,2,1
examination revealed,2,2,1
exercise,1,2,1
exeter,1,2,1
expansion,1,2,1
eyre,1,2,1
faced,1,2,1
facial,1,2,1
fail,1,2,1
failures,1,2,1
family everyone,2,2,1
family everyone oxford,3,2,1
family friends difficult,3,2,1
family friends teammates,3,2,1
fast,1,2,1
features,1,2,1
fees maintenance,2,2,1
fees maintenance loans,3,2,1
film,1,2,1
films,1,2,1
finance tours,2,2,1
finances,1,2,1
finchley,1,2,1
finchley road,2,2,1
firm makes,2,2,1
fishing,1,2,1
focused making,2,2,1
focused making system,3,2,1
follow your,2,2,1
follow your club,3,2,1
followed bethan,2,2,1
followed suit,2,2,1
football daily,2,2,1
football daily podcast,3,2,1
football sent,2,2,1
football sent straight,3,2,1
forest,1,2,1
four countries,2,2,1
four handguns,2,2,1
four minutes,2,2,1
france,1,2,1
fraserburgh,1,2,1
friends difficult,2,2,1
friends teammates,2,2,1
fulham,1,2,1
full education,2,2,1
full education paid,3,2,1
full-time,1,2,1
futures,1,2,1
futures foundation,2,2,1
garage start-up,2,2,1
gaynor,1,2,1
general election,2,2,1
genuinely,1,2,1
genuinely need,2,2,1
goldwater lawyers,2,2,1
grants students,2,2,1
grok posts,2,2,1
guests,1,2,1
gwen,1,2,1
gwen mayor,2,2,1
hands,1,2,1
happening,1,2,1
hard know,2,2,1
hare coursing chase,3,2,1
harmful,1,2,1
health condition,2,2,1
health needs,2,2,1
health social,2,2,1
health social care,3,2,1
helping genuinely,2,2,1
helping genuinely need,3,2,1
hesselgrove,1,2,1
higher salaries,2,2,1
hillsborough disaster,2,2,1
holiday,1,2,1
home borrow,2,2,1
home schooling,2,2,1
horizons nursery,2,2,1
hormones prescribed,2,2,1
hormones year-olds,2,2,1
horrible,1,2,1
hotels,1,2,1
howard,1,2,1
hubs,1,2,1
huntley death,2,2,1
husband,1,2,1
idea,1,2,1
illegal,1,2,1
illegal content,2,2,1
importance,1,2,1
inactivity,1,2,1
inclusion,1,2,1
inclusion hubs,2,2,1
income,1,2,1
independent special,2,2,1
independent special school,3,2,1
indirect,1,2,1
indirect involvement,2,2,1
individual needs,2,2,1
individual plans,2,2,1
injured bomb,2,2,1
injured bomb left,3,2,1
inman,1,2,1
interpol,1,2,1
into administration,2,2,1
into company,2,2,1
investigators,1,2,1
investors equity,2,2,1
investors equity punks,3,2,1
ipsea concerned,2,2,1
irresponsible,1,2,1
irreversible,1,2,1
issuing,1,2,1
jogging,1,2,1
jogging bottoms,2,2,1
john major,2,2,1
joined student,2,2,1
joined student group,3,2,1
journalist,1,2,1
judgement,1,2,1
july september,2,2,1
jumper,1,2,1
katie,1,2,1
kidlington,1,2,1
kidlington football,2,2,1
kidlington football club,3,2,1
king charles,2,2,1
king college,2,2,1
king college london,3,2,1
knocked,1,2,1
laid,1,2,1
laid plan,2,2,1
latest football,2,2,1
latest football daily,3,2,1
laura,1,2,1
lawyers adams,2,2,1
laycock,1,2,1
leader tony,2,2,1
leader tony blair,3,2,1
leadership role,2,2,1
leave your,2,2,1
leave your course,3,2,1
leeds city,2,2,1
leeds city council,3,2,1
legal action against,3,2,1
legal political,2,2,1
legal team,2,2,1
legally-binding,1,2,1
leggings,1,2,1
leggings jogging,2,2,1
leggings jogging bottoms,3,2,1
leigh,1,2,1
lessons,1,2,1
life decision,2,2,1
lifted,1,2,1
like debt,2,2,1
limitation,1,2,1
line succession,2,2,1
linkedin,1,2,1
listen latest,2,2,1
listen latest football,3,2,1
living soham,2,2,1
lloyd,1,2,1
loan students,2,2,1
london docklands,2,2,1
longer-term guidance,2,2,1
loved ones,2,2,1
lucrative,1,2,1
maintenance loan students,3,2,1
making system,2,2,1
making system fairer,3,2,1
mamas,1,2,1
managed,1,2,1
management treat,2,2,1
management treat diabetes,3,2,1
manchester arndale,2,2,1
manchester arndale shopping,3,2,1
mandatory,1,2,1
marked,1,2,1
massacre,1,2,1
materials,1,2,1
mcmullan,1,2,1
media platform,2,2,1
medicine,1,2,1
melissa,1,2,1
melissa cole,2,2,1
mental health needs,3,2,1
merthyr,1,2,1
merthyr tydfil,2,2,1
messages,1,2,1
metres,1,2,1
michael howard,2,2,1
migrants,1,2,1
milk,1,2,1
miras,1,2,1
misleading,1,2,1
mistakes,1,2,1
model,1,2,1
monitoring,1,2,1
monthly repayments,2,2,1
moor,1,2,1
mountain,1,2,1
mullen,1,2,1
mystery,1,2,1
mystery wetsuit,2,2,1
national audit,2,2,1
national audit office,3,2,1
national union,2,2,1
national union students,3,2,1
nazanin,1,2,1
need routine,2,2,1
need routine without,3,2,1
needed pushed,2,2,1
needs ipsea,2,2,1
neighbour,1,2,1
never sell,2,2,1
next week,2,2,1
number neets,2,2,1
numerous,1,2,1
obese,1,2,1
obesity,1,2,1
ones,1,2,1
online activity,2,2,1
online safety,2,2,1
opportunities,1,2,1
opposite number,2,2,1
originally,1,2,1
other universities,2,2,1
outcome,1,2,1
oxford city,2,2,1
oxford united incredibly,3,2,1
paid directly,2,2,1
paid directly your,3,2,1
pain,1,2,1
paramedics,1,2,1
parents lost,2,2,1
parole board,2,2,1
part because,2,2,1
part student,2,2,1
part student group,3,2,1
particularly worried,2,2,1
passenger,1,2,1
passenger transport,2,2,1
patient safety priority,3,2,1
peace process,2,2,1
personality,1,2,1
photographs,1,2,1
phrases,1,2,1
phrases like,2,2,1
phrases like debt,3,2,1
physical activity,2,2,1
pistols,1,2,1
plan loan,2,2,1
podcast,1,2,1
police aware,2,2,1
police monitoring,2,2,1
police pursuit,2,2,1
polo shirt,2,2,1
poorly,1,2,1
post-mortem examination revealed,3,2,1
posts removed,2,2,1
power name,2,2,1
practical school,2,2,1
prescription,1,2,1
prescription cross-sex,2,2,1
prescription cross-sex hormones,3,2,1
prescriptions,1,2,1
presentation script,2,2,1
presentations,1,2,1
previous governments,2,2,1
price index,2,2,1
princess,1,2,1
private school,2,2,1
probabilities,1,2,1
profit,1,2,1
protections children young,3,2,1
protest,1,2,1
public inquiry,2,2,1
published october,2,2,1
pubs,1,2,1
punch,1,2,1
punks likely,2,2,1
pursuit,1,2,1
pushed,1,2,1
quiet,1,2,1
rachel reeves,2,2,1
raise help,2,2,1
rarely,1,2,1
reaction reports,2,2,1
reads,1,2,1
records,1,2,1
recover,1,2,1
refunded,1,2,1
regions,1,2,1
reports northern,2,2,1
reports northern ireland,3,2,1
reserve,1,2,1
reserved children,2,2,1
reserved children complex,3,2,1
reserved only,2,2,1
retail price,2,2,1
retail price index,3,2,1
returns,1,2,1
revans,1,2,1
right thing,2,2,1
riki faith,2,2,1
roof,1,2,1
rounds,1,2,1
rounds ammunition,2,2,1
routes refugees,2,2,1
routine,1,2,1
routine without,2,2,1
routine without fight,3,2,1
royals,1,2,1
safeguards place,2,2,1
safety priority,2,2,1
save lives,2,2,1
school cheshire,2,2,1
school clothing,2,2,1
school places,2,2,1
school uniform,2,2,1
school uniforms,2,2,1
schooling,1,2,1
script seen,2,2,1
seems,1,2,1
semaglutide,1,2,1
send deficits built,3,2,1
sending,1,2,1
sent straight,2,2,1
sent straight your,3,2,1
serious reports,2,2,1
shame,1,2,1
shape,1,2,1
shepherd,1,2,1
ship,1,2,1
shore,1,2,1
sickening irresponsible,2,2,1
sincere,1,2,1
sincere condolences,2,2,1
sincere condolences amelia,3,2,1
snowdrop campaign,2,2,1
snowdrop petition,2,2,1
social care,2,2,1
social emotional,2,2,1
social emotional mental,3,2,1
social media platform,3,2,1
sofa,1,2,1
sold soul,2,2,1
sold soul devil,3,2,1
somerset,1,2,1
soul,1,2,1
soul devil,2,2,1
spare,1,2,1
special school,2,2,1
special schools,2,2,1
specialist school,2,2,1
specialist school places,3,2,1
speech language,2,2,1
sport published,2,2,1
sport published october,3,2,1
sports uniform,2,2,1
stabbing,1,2,1
state schools,2,2,1
statement chan,2,2,1
statutory guidance,2,2,1
stirling,1,2,1
stop issuing,2,2,1
straight your phone,3,2,1
strip,1,2,1
strip away,2,2,1
stronger,1,2,1
studd,1,2,1
student claims,2,2,1
student finance tours,3,2,1
students graduates,2,2,1
students script,2,2,1
study visa,2,2,1
studying away,2,2,1
studying away home,3,2,1
stuff,1,2,1
stunt,1,2,1
submitted,1,2,1
succession,1,2,1
suit,1,2,1
support deserve,2,2,1
support deserve need,3,2,1
supports,1,2,1
surface,1,2,1
suspected adverse,2,2,1
suspected adverse drug,3,2,1
suspected reaction,2,2,1
suspects,1,2,1
swans,1,2,1
swans counted,2,2,1
swim,1,2,1
swimming club,2,2,1
switched,1,2,1
swollen,1,2,1
system fairer,2,2,1
system inclusive,2,2,1
system supporting,2,2,1
t-shirt,1,2,1
take student,2,2,1
taking part,2,2,1
taking part because,3,2,1
talented,1,2,1
teaching assistant,2,2,1
teammates,1,2,1
testosterone,1,2,1
then-government,1,2,1
think right,2,2,1
third,1,2,1
three children,2,2,1
ties favour,2,2,1
today announcement,2,2,1
tours delivered,2,2,1
town soham,2,2,1
toxic,1,2,1
toxic culture,2,2,1
traditional school,2,2,1
traditional uniforms,2,2,1
trans,1,2,1
trans advocacy,2,2,1
trans advocacy group,3,2,1
transgender,1,2,1
tribunal power,2,2,1
tribunal power name,3,2,1
truly inclusive,2,2,1
tubby,1,2,1
tuition fees maintenance,3,2,1
tydfil,1,2,1
uniform policies,2,2,1
uniform policy,2,2,1
union students,2,2,1
union students script,3,2,1
united incredibly,2,2,1
united nations,2,2,1
universities involved,2,2,1
university arts,2,2,1
university arts london,3,2,1
university exeter,2,2,1
unspecified,1,2,1
upon,1,2,1
value,1,2,1
values decency,2,2,1
varies,1,2,1
varies across,2,2,1
vary,1,2,1
video shows,2,2,1
vincent,1,2,1
vincent chan,2,2,1
vindicatory,1,2,1
visa abuse,2,2,1
visas afghans,2,2,1
visas afghans home,3,2,1
vulgar,1,2,1
wales scotland,2,2,1
warter,1,2,1
warter primary,2,2,1
warter primary school,3,2,1
watch world,2,2,1
weak,1,2,1
weakening,1,2,1
wearing uniform,2,2,1
wegovy ozempic,2,2,1
weight management,2,2,1
weight management treat,3,2,1
whiteman,1,2,1
wilkinson,1,2,1
without fight,2,2,1
words phrases,2,2,1
words phrases like,3,2,1
work visas,2,2,1
work visas afghans,3,2,1
young figures,2,2,1
young neet,2,2,1
your club,2,2,1
your club sport,3,2,1
your parents,2,2,1
your phone,2,2,1
your student,2,2,1
your university,2,2,1
yousafzai,1,2,1
youth futures,2,2,1
youth futures foundation,3,2,1
